login,email,firstName,lastName,department,costCenter
candidate_12_user_1,user1@ridgeit.com,First1,Last1,IT Department,12
candidate_12_user_2,user2@ridgeit.com,First2,Last2,,12
candidate_12_user_3,user3@ridgeit.com,First3,Last3,,12
candidate_12_user_4,user4@ridgeit.com,First4,Last4,,12
candidate_12_user_5,user5@ridgeit.com,First5,Last5,,12
candidate_12_user_6,user6@ridgeit.com,First6,Last6,IT Department,12
candidate_12_user_7,user7@ridgeit.com,First7,Last7,,12
candidate_12_user_8,user8@ridgeit.com,First8,Last8,,12
candidate_12_user_9,user9@ridgeit.com,First9,Last9,IT Department,12
candidate_12_user_10,user10@ridgeit.com,First10,Last10,,12
candidate_12_user_11,user11@ridgeit.com,First11,Last11,,12
candidate_12_user_12,user12@ridgeit.com,First12,Last12,,12
candidate_12_user_13,user13@ridgeit.com,First13,Last13,IT Department,12
candidate_12_user_14,user14@ridgeit.com,First14,Last14,IT Department,12
candidate_12_user_15,user15@ridgeit.com,First15,Last15,IT Department,12
candidate_12_user_16,user16@ridgeit.com,First16,Last16,IT Department,12
candidate_12_user_17,user17@ridgeit.com,First17,Last17,IT Department,12
candidate_12_user_18,user18@ridgeit.com,First18,Last18,IT Department,12
candidate_12_user_19,user19@ridgeit.com,First19,Last19,IT Department,12
candidate_12_user_20,user20@ridgeit.com,First20,Last20,,12
candidate_12_user_21,user21@ridgeit.com,First21,Last21,,12
candidate_12_user_22,user22@ridgeit.com,First22,Last22,,12
candidate_12_user_23,user23@ridgeit.com,First23,Last23,,12
candidate_12_user_24,user24@ridgeit.com,First24,Last24,IT Department,12
candidate_12_user_25,user25@ridgeit.com,First25,Last25,,12
candidate_12_user_26,user26@ridgeit.com,First26,Last26,,12
candidate_12_user_27,user27@ridgeit.com,First27,Last27,,12
candidate_12_user_28,user28@ridgeit.com,First28,Last28,,12
candidate_12_user_29,user29@ridgeit.com,First29,Last29,,12
candidate_12_user_30,user30@ridgeit.com,First30,Last30,,12
candidate_12_user_31,user31@ridgeit.com,First31,Last31,,12
candidate_12_user_32,user32@ridgeit.com,First32,Last32,IT Department,12
candidate_12_user_33,user33@ridgeit.com,First33,Last33,IT Department,12
candidate_12_user_34,user34@ridgeit.com,First34,Last34,IT Department,12
candidate_12_user_35,user35@ridgeit.com,First35,Last35,IT Department,12
candidate_12_user_36,user36@ridgeit.com,First36,Last36,IT Department,12
candidate_12_user_37,user37@ridgeit.com,First37,Last37,IT Department,12
candidate_12_user_38,user38@ridgeit.com,First38,Last38,IT Department,12
candidate_12_user_39,user39@ridgeit.com,First39,Last39,,12
candidate_12_user_40,user40@ridgeit.com,First40,Last40,,12
candidate_12_user_41,user41@ridgeit.com,First41,Last41,,12
candidate_12_user_42,user42@ridgeit.com,First42,Last42,,12
candidate_12_user_43,user43@ridgeit.com,First43,Last43,,12
candidate_12_user_44,user44@ridgeit.com,First44,Last44,IT Department,12
candidate_12_user_45,user45@ridgeit.com,First45,Last45,,12
candidate_12_user_46,user46@ridgeit.com,First46,Last46,,12
candidate_12_user_47,user47@ridgeit.com,First47,Last47,,12
candidate_12_user_48,user48@ridgeit.com,First48,Last48,,12
candidate_12_user_49,user49@ridgeit.com,First49,Last49,IT Department,12
candidate_12_user_50,user50@ridgeit.com,First50,Last50,,12
candidate_12_user_51,user51@ridgeit.com,First51,Last51,,12
candidate_12_user_52,user52@ridgeit.com,First52,Last52,,12
candidate_12_user_53,user53@ridgeit.com,First53,Last53,,12
candidate_12_user_54,user54@ridgeit.com,First54,Last54,,12
candidate_12_user_55,user55@ridgeit.com,First55,Last55,,12
candidate_12_user_56,user56@ridgeit.com,First56,Last56,IT Department,12
candidate_12_user_57,user57@ridgeit.com,First57,Last57,,12
candidate_12_user_58,user58@ridgeit.com,First58,Last58,,12
candidate_12_user_59,user59@ridgeit.com,First59,Last59,,12
candidate_12_user_60,user60@ridgeit.com,First60,Last60,,12
candidate_12_user_61,user61@ridgeit.com,First61,Last61,,12
candidate_12_user_62,user62@ridgeit.com,First62,Last62,,12
candidate_12_user_63,user63@ridgeit.com,First63,Last63,,12
candidate_12_user_64,user64@ridgeit.com,First64,Last64,,12
candidate_12_user_65,user65@ridgeit.com,First65,Last65,IT Department,12
candidate_12_user_66,user66@ridgeit.com,First66,Last66,,12
candidate_12_user_67,user67@ridgeit.com,First67,Last67,,12
candidate_12_user_68,user68@ridgeit.com,First68,Last68,,12
candidate_12_user_69,user69@ridgeit.com,First69,Last69,IT Department,12
candidate_12_user_70,user70@ridgeit.com,First70,Last70,,12
candidate_12_user_71,user71@ridgeit.com,First71,Last71,,12
candidate_12_user_72,user72@ridgeit.com,First72,Last72,,12
candidate_12_user_73,user73@ridgeit.com,First73,Last73,IT Department,12
candidate_12_user_74,user74@ridgeit.com,First74,Last74,,12
candidate_12_user_75,user75@ridgeit.com,First75,Last75,,12
candidate_12_user_76,user76@ridgeit.com,First76,Last76,,12
candidate_12_user_77,user77@ridgeit.com,First77,Last77,,12
candidate_12_user_78,user78@ridgeit.com,First78,Last78,IT Department,12
candidate_12_user_79,user79@ridgeit.com,First79,Last79,,12
candidate_12_user_80,user80@ridgeit.com,First80,Last80,,12
candidate_12_user_81,user81@ridgeit.com,First81,Last81,,12
candidate_12_user_82,user82@ridgeit.com,First82,Last82,,12
candidate_12_user_83,user83@ridgeit.com,First83,Last83,,12
candidate_12_user_84,user84@ridgeit.com,First84,Last84,IT Department,12
candidate_12_user_85,user85@ridgeit.com,First85,Last85,,12
candidate_12_user_86,user86@ridgeit.com,First86,Last86,,12
candidate_12_user_87,user87@ridgeit.com,First87,Last87,,12
candidate_12_user_88,user88@ridgeit.com,First88,Last88,,12
candidate_12_user_89,user89@ridgeit.com,First89,Last89,IT Department,12
candidate_12_user_90,user90@ridgeit.com,First90,Last90,,12
candidate_12_user_91,user91@ridgeit.com,First91,Last91,,12
candidate_12_user_92,user92@ridgeit.com,First92,Last92,,12
candidate_12_user_93,user93@ridgeit.com,First93,Last93,IT Department,12
candidate_12_user_94,user94@ridgeit.com,First94,Last94,,12
candidate_12_user_95,user95@ridgeit.com,First95,Last95,,12
candidate_12_user_96,user96@ridgeit.com,First96,Last96,,12
candidate_12_user_97,user97@ridgeit.com,First97,Last97,,12
candidate_12_user_98,user98@ridgeit.com,First98,Last98,,12
candidate_12_user_99,user99@ridgeit.com,First99,Last99,IT Department,12
candidate_12_user_100,user100@ridgeit.com,First100,Last100,IT Department,12
